20360797,65834084,1557,6490,23,9,10,4
5243062,20412166,537,5655,59,25,28,2
43782035,72966368,3078,5114,37,16,16,4
9556229,50886151,726,5053,58,20,34,2
37668059,52850606,3058,4970,23,8,11,6
13515459,48859861,1292,4841,48,18,26,2
4741848,54351825,364,4719,41,18,20,4
7025396,25268100,762,4626,64,35,25,2
6911546,71992441,749,4523,46,26,15,2
68384173,74521140,4151,4511,30,10,15,5
7779133,45245301,528,4463,60,24,31,5
1325024,25756002,312,4290,35,6,26,2
10062164,41618799,2051,4267,33,10,19,4
13353829,54603476,915,4196,57,33,20,2
2613913,25814436,305,4136,30,5,22,2
3027853,22245506,338,4040,26,7,16,2
49777087,28436935,4309,3972,44,15,23,5
5318061,65276961,401,3896,88,10,70,2
12288625,13625017,873,3802,41,9,28,2
40548517,27088124,2595,3800,34,6,24,4
34522206,14852129,2954,3776,28,11,14,5
3802989,21944876,427,3728,41,13,24,2
2287291,12972181,267,3720,37,7,27,2
3243822,26824466,324,3684,47,26,18,3
14207631,34959257,1654,3665,27,6,18,5
10359263,57919245,626,3652,53,23,24,3
2406472,12852636,286,3649,37,7,27,4
24098369,66228499,2027,3570,41,14,23,4
24144808,39543299,1806,3534,30,8,18,4
2316302,25770557,267,3478,16,5,9,3
30849929,40731397,2098,3449,32,9,18,6
5686110,25594291,350,3407,23,5,16,1
4716788,12798303,384,3405,29,8,19,1
13032707,39556021,1029,3352,44,7,32,4
3588790,38626622,276,3335,41,16,23,1
15065115,47127130,665,3320,79,46,28,3
27505843,21936159,1922,3276,42,7,32,3
5179146,12905412,340,3275,17,0,16,3
4334166,40954374,419,3274,40,17,20,2
7761875,25862890,898,3241,59,15,40,1
11865659,34302435,1526,3239,26,11,12,3
4920173,25815850,552,3198,34,8,23,3
2721762,22033949,420,3182,83,30,48,1
6464606,52411848,445,3169,18,5,11,5
21673022,60870639,1425,3131,45,3,39,8
4504918,25988864,244,3074,47,7,35,3
24806231,57314225,1058,3070,76,17,43,3
682861,356041,219,3070,21,0,19,1
6940474,39793278,1111,3038,52,31,17,2
2841873,25707981,226,3026,31,6,23,2
39935545,65909926,3126,3016,35,11,19,5
11904954,41840827,759,2990,56,28,23,6
6644590,92431533,213,2978,29,13,13,2
12721173,39379420,1168,2970,67,20,42,9
2332971,25776790,263,2857,38,11,24,2
3017940,41993114,252,2855,30,2,26,2
12054893,2052730,1149,2844,19,2,15,2
30510884,54350177,2333,2829,22,6,13,4
18493507,39387675,969,2817,48,7,36,3
1424095,26937763,287,2799,23,8,11,4
11404478,26799749,1653,2765,20,4,13,6
1429722,13213307,316,2709,24,3,20,2
9287669,25922957,882,2702,40,7,28,5
2835315,23146808,283,2668,69,9,56,1
1179251,25790052,276,2642,14,5,7,1
6370531,1090950,477,2630,30,6,21,3
2934398,25886085,234,2603,38,11,23,1
1618494,25835019,188,2577,57,6,48,2
3495400,24879902,336,2574,59,7,47,8
1739706,22236070,226,2571,71,7,58,1
50034032,60099494,2642,2561,24,6,15,5
9165360,71079995,565,2561,68,28,34,3
2209733,12771075,421,2549,27,8,17,1
3666187,22860953,359,2533,35,8,24,2
11768181,25416876,1002,2515,46,10,33,4
17931058,15414255,1139,2513,34,8,23,2
468586,532761,242,2500,63,23,36,1
10153590,24501004,2098,2485,79,8,64,2
1983618,12861902,221,2473,36,5,26,1
5560080,22335823,362,2466,80,44,33,2
808523,17881774,195,2464,46,14,30,2
22217059,26124833,1303,2453,16,5,8,4
1451478,19068628,215,2448,73,23,45,2
5866237,31767784,622,2444,89,7,76,2
11017666,22930762,495,2413,31,0,30,3
1416632,8857370,231,2410,66,29,35,3
2465324,22742750,293,2402,39,2,35,3
23786503,18112203,939,2401,78,21,48,3
5114107,12007765,560,2398,68,3,56,3
9698249,8076699,802,2392,21,7,11,3
2273080,12957614,280,2389,39,24,13,1
1176964,25832646,158,2388,36,12,20,1
14824891,25926406,822,2376,15,5,8,3
5255318,26941999,527,2373,43,15,24,6
7282347,25513790,1751,2372,21,5,14,2
3439214,25555776,775,2327,14,5,7,1
3118449,25471423,311,2322,20,8,10,1
1518575,3726861,439,2317,42,7,33,1
18724390,53437818,1007,2315,54,15,34,4
8336534,25909975,1689,2312,21,5,13,2
1589481,38066516,202,2311,29,7,19,4
3996703,23267720,235,2309,47,6,37,1
4338139,25179388,495,2307,67,29,34,4
4794419,51308403,407,2284,68,29,35,4
2433957,25721122,1463,2279,15,4,9,2
7650277,10145738,738,2279,94,3,79,3
4504394,25020321,272,2273,31,6,23,1
3818166,23091748,300,2261,76,24,44,2
4434074,13226738,989,2235,76,38,34,6
8818246,21983726,593,2218,78,44,32,1
8360346,25375686,929,2215,15,5,8,1
8933526,28840789,568,2213,42,22,18,1
2574408,22277898,184,2210,38,9,27,2
29437627,23085624,1555,2202,41,7,27,2
852958,20713187,138,2196,33,8,22,1
3604412,23167488,361,2182,70,52,15,2
651268,4459194,130,2182,17,0,16,2
2169622,18334016,179,2177,45,5,36,3
1749595,18100831,230,2163,49,9,37,4
5347437,25462067,650,2161,64,42,19,11
23678904,24102539,1872,2154,23,5,15,2
3273940,16965315,248,2149,78,43,32,4
18719336,30548288,1748,2133,60,29,27,6
409764,520521,241,2133,52,14,34,2
5016549,27352450,419,2131,53,13,36,2
4937727,974299,747,2105,16,2,12,5
38776241,2078348,1000,2101,23,3,19,2
4216193,23249634,473,2099,47,5,35,3
525224,8038946,151,2095,65,9,51,1
35465956,30349705,3403,2092,39,6,29,6
13236756,37948472,834,2077,24,5,16,4
30400602,4763345,1273,2072,24,1,21,3
1576189,24620718,151,2070,57,19,35,2
1921752,22512405,298,2055,48,27,18,2
193406,97343,173,2045,30,0,28,1
3086634,20658759,224,2037,50,8,39,1
12893598,1314041,681,2031,35,2,30,2
1803642,30641608,208,2017,32,10,20,2
10800196,25346048,549,1992,52,15,33,2
1796495,11831240,282,1985,41,0,39,2
2780046,14365271,341,1983,90,11,75,2
4319779,24258535,642,1982,41,15,23,2
635384,2581365,242,1966,38,13,22,4
26772515,3351580,1865,1961,21,5,13,2
3262530,27673291,202,1961,68,44,22,2
6894064,27551358,616,1954,64,16,44,2
23093872,25443529,1735,1951,35,4,28,1
1487873,35768624,167,1943,87,7,66,2
3596167,22167247,2604,1927,63,5,51,4
6627568,22944991,679,1925,15,5,8,4
17867115,21856734,1644,1905,70,33,34,4
18726503,19174592,1067,1900,66,18,42,1
11372017,19817931,586,1900,28,2,24,2
262375,1272570,1379,1899,37,0,34,1
11464945,34765188,760,1895,64,15,44,1
952683,17420193,244,1892,62,4,52,1
20081460,22239267,1082,1879,29,5,21,6
2153136,23685447,166,1877,53,7,40,2
2852860,24405084,595,1870,58,6,48,1
10909823,24908936,785,1858,30,5,22,3
4487451,146494,604,1858,21,0,19,1
1079591,24974732,257,1852,28,12,14,2
303780,211918,122,1846,52,1,49,1
7859302,24127073,725,1836,39,12,23,1
5339868,8001807,651,1824,23,3,17,3
3614320,476791,456,1803,19,2,16,2
9454405,24414554,732,1789,49,12,32,7
2442175,25711653,268,1783,63,41,18,1
21889290,29691348,1815,1763,45,12,29,4
50587317,21751843,2641,1758,34,13,17,7
4751157,23516420,421,1751,86,13,69,1
1133079,38265100,559,1748,56,2,50,4
162638,1652302,174,1746,25,1,22,3
3418952,7535027,670,1732,77,48,26,4
2065835,322144,624,1713,92,1,86,3
12550047,26773692,818,1706,37,7,26,2
26190506,14381843,1511,1703,25,5,17,4
10272601,26449566,505,1696,72,40,30,1
17056271,4210985,1371,1690,11,0,10,3
2688744,12971318,205,1676,38,16,20,3
19090506,37413266,744,1667,27,12,12,3
5504366,25381666,1075,1657,37,7,26,4
38984216,3199135,1790,1656,20,2,15,6
1728553,9046441,283,1656,64,16,43,6
341878,4863827,186,1656,43,1,40,3
411216,3998971,160,1635,42,2,39,3
11142801,38601238,249,1625,71,33,36,1
12784812,12157788,1961,1622,35,7,26,1
1522726,31753023,139,1616,29,7,19,1
11753518,13567469,1665,1597,52,12,35,7
5062590,20725379,177,1575,36,6,27,3
9293426,38527075,440,1569,80,9,58,2
7562799,24922949,501,1562,90,8,66,3
3418043,15903608,414,1561,46,24,19,2
7336585,39258082,440,1549,45,3,39,6
6753485,23240641,650,1534,82,31,48,6
15315263,37670737,540,1523,47,8,34,4
6109726,16809067,435,1520,29,6,19,1
7692513,11206191,727,1502,77,16,56,4
10210489,789272,697,1501,37,4,30,2
5347231,27004195,291,1496,77,4,65,2
4858231,628936,341,1492,44,0,41,1
1972631,17677680,168,1484,79,7,59,2
11884135,13683624,421,1477,30,5,21,4
8258359,40583965,753,1469,81,7,62,2
5278730,6564779,418,1449,45,5,37,2
22239616,6996707,1208,1441,14,1,12,5
2202948,12283717,249,1419,88,14,69,1
12864796,23248550,771,1415,30,6,21,6
792380,14963380,75,1406,46,4,37,2
2725869,23589759,223,1384,57,14,40,2
7573903,5650579,609,1371,75,34,37,5
0,0,76,1360,29,7,20,1
548,106493,34,1356,19,0,16,1
4160050,17505274,526,1348,22,1,20,3
4813781,13058604,388,1348,72,14,54,2
779675,36898020,72,1337,41,1,36,1
37082722,32892460,1605,1331,57,11,39,3
3026547,3284864,277,1331,33,2,28,8
17107662,12896286,1697,1326,59,3,52,1
4942140,10486346,405,1326,47,8,35,2
923253,28879537,188,1320,60,14,41,2
5859737,3636750,520,1316,23,9,12,2
11244497,9519142,1256,1314,25,1,22,5
1708453,12907726,208,1301,49,5,39,1
4879233,70492999,166,1288,85,0,73,2
1494628,11019173,642,1271,21,0,19,1
11050500,32074530,578,1254,48,12,32,4
8295363,11480219,353,1240,72,31,34,1
940102,19675293,90,1238,43,1,38,2
4734798,25526110,354,1237,36,6,26,3
3879981,3218280,259,1213,68,15,50,2
22064506,15906951,506,1203,48,6,37,3
80524825,24551855,3421,1196,34,6,25,5
248849,5510670,83,1180,86,52,32,1
79258,699952,245,1176,40,3,34,1
3822753,8453089,280,1168,86,16,65,1
6225105,38629827,216,1168,74,9,60,2
998354,14021516,103,1165,26,0,22,1
5787428,12782720,242,1154,27,1,23,1
877840,2742505,434,1150,17,1,15,3
25281973,19341345,1162,1145,86,13,68,2
2296764,12913538,70,1142,48,15,31,2
3088391,16756465,212,1135,32,3,26,3
10081087,21797736,573,1131,38,10,25,2
6095939,18065541,380,1126,89,6,67,2
13279245,5438354,1078,1117,34,1,31,2
12981134,1401078,2338,1111,41,2,35,7
9866894,8521759,875,1111,19,1,15,1
25126076,455802,2068,1107,80,2,74,2
10029775,11175834,786,1103,62,21,39,1
16818213,13021134,4864,1093,25,6,16,4
665407,18898713,58,1091,46,9,34,3
534134,1230856,73,1090,61,3,54,2
549269,8141801,131,1087,66,31,32,2
581087,11597505,91,1083,59,27,29,2
12283472,10998044,539,1082,26,2,22,1
5712480,1227513,360,1071,41,1,35,2
6530703,4261972,331,1071,48,14,29,1
925524,17750125,76,1038,32,7,22,2
192399,14724264,32,1037,10,0,8,3
19841573,13207899,1457,1035,51,8,38,5
1217809,23545110,116,1020,23,1,21,1
2281853,5702752,197,1005,23,3,17,1
5493426,806427,601,1004,25,1,22,2
9854195,13701760,609,1001,66,5,52,6
5690326,11957932,354,1001,84,26,53,3
694772,13600561,199,996,76,21,52,2
49852629,3564343,1794,995,27,3,20,6
8349597,13150613,334,992,13,1,11,2
1664915,13953884,129,983,39,12,24,3
3586121,5199862,126,978,21,12,7,1
153574,4620111,89,960,26,0,23,1
10886112,29702082,437,953,80,11,52,2
2359191,27185549,249,953,82,9,69,2
6181525,21898957,462,948,23,5,15,4
2508346,41812974,105,936,39,20,16,1
973796,9797054,111,934,10,2,7,1
2754174,4886723,579,930,59,1,54,3
2991659,10958459,191,928,71,34,33,2
18870775,44694485,457,927,14,2,10,2
653333,2633409,1104,921,27,0,25,4
1180666,8538950,51,912,52,14,35,2
4646034,1295017,1037,911,33,3,28,2
1710519,22862754,349,909,44,1,41,4
7202469,4841215,648,908,42,5,35,3
4552302,9760225,292,905,40,2,34,3
3392279,4121576,338,903,75,5,66,4
20720,600935,36,902,24,0,21,1
4519125,9869094,998,897,82,8,58,2
469437,3643583,586,894,64,0,55,1
66459,673240,354,884,27,0,26,1
26878320,27100864,1533,883,36,1,32,4
4246353,25048671,112,882,54,0,52,1
500854,14647680,78,878,29,3,23,3
1671198,31522295,50,869,37,7,28,2
146836,2059475,26,869,46,2,41,3
2360826,13014175,313,865,43,0,39,2
17369029,6427960,1259,862,21,4,15,4
2462876,3157756,264,854,31,6,22,2
2214640,892020,1542,853,22,8,11,2
807943,8499413,50,848,28,1,26,4
322688,5414259,68,840,41,8,31,1
3437191,19060045,153,838,43,3,37,2
5474709,1103610,1040,837,72,2,66,4
19860836,12851094,1081,834,42,9,29,2
1367651,14615689,126,834,53,2,48,1
7652831,7925371,306,828,56,6,45,1
1383678,5304703,169,821,30,0,28,3
2932017,21245398,215,816,87,9,72,3
995484,24724076,92,803,48,16,29,3
2335601,6159363,242,801,53,3,47,4
1104411,20834309,960,798,12,1,11,2
630268,11157638,52,796,25,0,22,3
2502086,522904,261,789,14,0,12,2
480163,345586,134,789,57,32,22,2
2090042,24449009,63,772,16,0,15,1
7946314,21536216,644,770,59,17,39,3
640862,13044324,73,764,19,0,17,2
136380,1204409,1800,762,16,1,13,4
411472,2433682,76,755,51,2,45,2
9325888,12080546,824,752,40,3,33,3
1437522,1642506,224,749,44,4,38,2
3770753,9978498,177,748,75,13,50,2
2637958,611077,257,747,27,1,24,3
273505,247295,62,747,44,0,41,1
3474929,36003959,178,746,56,18,34,3
4305116,37102974,158,746,59,10,45,5
8356270,1637969,539,744,10,1,7,4
1095770,15003793,75,744,11,1,8,2
1246842,7114222,415,742,63,7,53,5
6743756,4412767,561,741,15,3,10,5
19651921,7058802,1411,736,24,1,21,1
2565981,3966178,561,734,34,2,30,2
5478389,11727616,224,733,55,4,47,2
7982194,8140084,590,732,11,2,7,2
2223246,295017,347,730,33,7,23,1
262990,7621455,77,724,49,8,37,1
5883105,28289873,401,721,36,6,27,3
6885701,8200137,546,720,14,2,10,2
10046522,7096415,812,713,20,2,16,6
583695,10168247,42,711,29,1,25,3
130300,6786952,33,707,34,1,29,1
9238730,9033081,720,705,28,1,25,2
2727264,12571022,275,701,19,2,16,1
55466,710881,65,700,40,0,37,1
388499,325954,120,699,27,0,24,1
393296,15599196,65,699,36,12,21,2
1427884,1753011,83,686,21,0,18,1
10936356,719545,1993,684,48,6,39,5
555751,7551004,51,684,60,19,37,3
5440517,5516729,461,680,45,8,34,5
17743127,1899098,1356,676,30,1,27,5
5148538,11703703,271,675,29,7,18,1
4075617,19570911,395,659,53,25,25,3
69806,514700,69,655,44,1,40,2
4305612,4207812,401,653,65,24,36,3
30637,294524,36,644,83,62,20,1
6908033,2871968,832,634,29,2,25,7
2327178,2387966,44,631,45,1,41,3
93480,853388,174,629,57,8,45,1
292661,5191811,67,616,42,4,35,2
5789052,6100936,434,615,89,5,69,2
24829848,597402,1814,614,69,2,61,3
645345,2834054,123,614,23,1,21,3
4740257,10105055,289,605,17,7,9,1
55115551,27355014,765,598,67,14,48,2
334381,4427209,126,596,27,4,20,2
16404349,19804970,253,595,66,8,49,2
31800065,9312258,2158,590,74,17,53,5
8839309,1794217,480,585,95,1,83,3
283288,4876437,46,585,16,1,13,4
234078,1253983,38,585,26,0,23,2
5993992,23263517,413,583,66,25,37,5
757612,1416753,74,581,26,1,22,3
18017879,11636643,503,580,13,2,9,4
1950923,4813110,115,578,42,6,32,5
5610346,5779420,818,574,47,7,36,7
117083,686134,1406,572,11,1,9,4
2671240,14455638,183,569,75,29,42,2
3979235,5622567,544,567,39,6,30,2
95984,3431298,65,567,54,1,50,3
239135,1996527,45,559,28,6,20,1
1194496,16285331,149,556,25,0,23,2
1657131,14513853,102,555,52,17,32,3
6335792,23107188,365,552,43,0,39,2
1783202,1171137,325,546,24,2,21,3
512432,10292370,34,545,61,36,24,1
2354905,2507280,155,544,62,6,52,3
8493560,457561,786,539,46,0,43,2
9744320,14867016,49,537,24,5,17,2
3686552,223757,312,536,81,1,76,1
3092192,1156237,133,530,24,8,14,1
76090,7235774,27,528,49,1,46,2
9567703,10213799,438,527,63,38,23,2
356144,8751946,30,526,33,6,25,2
3819235,2405351,288,520,31,2,27,3
14654801,2705175,109,514,32,1,29,4
521978,4857641,104,514,27,4,21,2
45313,1549183,26,514,37,0,34,1
421840,22585623,26,514,53,7,43,1
737080,11341201,35,510,25,0,24,1
4547767,17665731,507,509,24,1,22,2
1504734,525348,204,505,43,26,14,4
82706,1227657,65,504,20,0,18,4
76398,1241562,20,499,72,0,67,1
113106592,10898390,2106,498,21,2,16,4
1087354,16170763,87,492,85,2,68,2
438637,6149877,62,485,32,0,30,2
30083261,4898982,2185,484,12,2,8,2
3751238,20224699,487,484,34,6,26,2
11683,197988,23,479,83,44,36,1
1877486,2931588,194,477,90,3,59,3
264577,85143,10,477,62,0,57,1
747733,12500000,49,472,48,1,43,1
6466480,1527491,581,469,34,1,31,2
1098071,25556970,47,462,34,1,31,4
10463302,4907827,753,460,69,12,53,6
1648578,7940780,171,457,60,27,29,2
5143575,2923880,1282,454,44,3,35,5
33074123,22649396,1716,449,66,5,52,5
495045,4091098,48,448,34,0,31,1
42401697,3705494,1955,446,41,4,33,7
5324942,1313411,382,444,10,1,8,2
3569763,3058954,288,442,65,5,58,3
27946,119010,25,442,10,0,8,1
346537,4539899,30,441,63,2,57,2
82497,444121,111,440,22,0,20,2
41055275,2735454,2150,437,21,1,17,2
4726784,9076043,120,436,41,8,30,4
2386840,3451817,223,435,68,15,51,5
2205045,1886438,161,435,41,1,37,1
664683,16924410,37,433,21,0,20,1
132093,401441,56,426,32,5,25,2
14283,165357,19,426,32,0,30,1
84337,2095868,22,421,34,3,29,1
114575,2264791,38,420,14,1,12,2
642101,11608844,51,413,74,5,63,2
3406675,1835805,184,404,75,2,69,2
224129,606541,50,402,55,0,51,2
5177613,8209559,331,401,62,11,49,1
407419,341999,27,400,21,0,19,1
4376020,6224354,389,395,35,8,23,3
60172,353395,210,395,32,0,29,1
4378697,10022157,212,394,38,2,34,4
1772842,11940213,21,390,47,22,22,1
1575008,1426462,169,388,41,1,37,2
528945,375054,106,388,73,0,70,3
1593974,14113371,100,388,76,33,40,1
28806,711152,118,384,42,1,40,3
256090,6734562,23,381,42,2,37,2
822886,1196648,92,379,18,1,16,2
508942,5803280,82,379,50,3,44,1
629677,4912647,26,377,14,1,12,3
34619698,2960992,1677,376,26,2,22,4
54376,260684,31,375,52,6,44,1
1308082,4171125,111,374,44,0,41,1
6419350,2527891,260,371,37,2,32,2
1276858,724507,232,369,23,0,21,1
444010,4846809,37,368,58,8,48,1
2478029,8767441,575,362,40,1,34,2
18620,199097,28,362,17,0,16,2
249688,71369,47,359,44,0,41,1
21457595,1855961,1435,349,45,2,40,1
849455,4432930,55,349,74,23,47,1
25980500,12090277,647,348,40,2,35,2
37917011,2049442,3267,346,68,3,60,6
411330,903533,14,346,27,0,25,1
756302,4997718,43,345,39,11,25,1
16577676,3068516,2377,343,76,1,67,4
79738,3860974,24,341,43,1,39,2
468084,11402631,24,341,41,12,27,2
212461,4064960,16,341,16,2,12,1
4233673,7475906,194,337,47,1,42,2
15454518,13184464,335,336,39,3,33,3
2861424,3142823,577,335,89,2,64,2
32438,209833,30,331,28,0,26,1
2124786,461668,246,330,58,1,54,2
592630,10081336,28,330,32,9,21,1
8251211,1832287,644,328,34,1,30,1
272475,1804807,71,328,58,2,51,1
352519,14109981,76,323,23,1,20,2
19973749,2946805,1022,322,17,2,12,4
248402,549286,23,317,49,1,44,1
416077,13406996,61,316,53,1,48,1
471662,1019519,60,316,16,1,15,2
6494634,821620,757,315,51,2,45,6
37952949,2463507,2188,313,29,2,23,2
1359530,4431509,134,313,26,1,24,2
538151,7745237,30,313,20,2,15,1
40291,311167,17,313,29,0,27,1
105637,1172771,16,308,16,2,13,2
1245719,1644147,158,305,35,2,31,2
1029612,15718884,153,300,72,1,68,3
1957,0,18,298,51,0,49,1
23823662,6056341,1829,298,77,7,62,6
4125272,6155573,230,298,37,11,23,4
148518,630097,30,298,48,0,45,1
3654947,664537,272,295,49,2,43,4
207090,129632,44,295,29,9,17,1
2951741,5250945,279,293,85,58,25,2
797626,5640677,42,293,14,1,10,3
25829,764092,48,292,35,3,30,1
12130783,23167377,650,290,66,22,40,3
41748166,2966266,2203,289,30,2,24,6
198561,1057682,43,286,26,1,22,3
214935,623843,30,284,38,1,34,3
9395615,2935654,1211,283,71,11,53,6
962498,9249303,62,283,44,5,37,4
2433774,9807404,220,282,51,13,33,2
565667,3276166,83,281,84,20,61,1
13844699,2880355,557,279,40,1,33,2
4051842,6833790,223,279,44,2,39,4
4437210,2842825,390,277,58,2,51,2
4547718,1324727,471,274,34,0,31,3
8599896,26434655,705,273,72,39,30,5
4985530,2756141,220,273,39,1,33,4
1525139,639050,192,270,23,0,21,2
832865,1458308,98,268,50,2,45,3
606079,5995267,173,267,88,3,83,4
194327,1966600,21,267,66,12,45,2
3145902,2178140,152,266,32,1,26,1
23882495,2959246,1924,259,22,2,16,1
9567310,2463726,839,259,37,2,31,4
1265584,1734214,139,257,42,2,37,4
870594,9058297,25,257,23,2,19,1
549754,1722930,69,256,40,2,37,2
32930158,4792206,2082,255,35,2,29,1
22095140,3946821,1808,251,19,2,15,1
5822413,2730039,360,250,43,4,34,3
1148,152754,13,249,51,0,49,2
16475404,2049607,1358,247,37,3,31,6
441331,5404870,40,246,27,3,21,1
20754481,1321205,2055,243,64,10,51,2
3046676,205489,236,241,47,3,41,1
4467625,2679809,233,241,45,1,42,2
5003348,2652788,221,239,46,4,37,6
570635,2335397,77,239,60,1,55,3
13961438,973900,2223,238,41,2,35,3
4877911,3703682,273,236,37,3,30,6
489644,2465967,107,236,51,1,46,3
735332,10623616,48,236,31,7,22,2
200945,9682326,10,236,46,0,43,2
22343542,1061914,1860,235,33,1,29,1
4278244,3401438,325,233,47,1,43,1
172164,1387951,26,232,32,0,30,1
3332110,13149953,908,231,16,0,15,1
695423,6296646,39,231,26,1,23,1
16811673,2903517,1461,229,80,4,71,3
47705741,2573719,2230,228,49,2,42,5
4709442,9595147,207,228,38,2,33,4
543566,2594359,50,228,27,3,22,1
633303,13515959,17,228,64,2,59,1
4259092,1776222,581,226,18,6,10,1
13613513,4052894,1773,225,68,0,61,2
1833141,6937184,150,224,48,0,45,3
599717,8092260,116,224,38,0,36,1
557527,13719071,17,224,55,27,26,1
5578148,2337855,428,223,40,2,34,2
7042791,4093473,498,222,40,1,36,2
1123956,261534,237,221,44,1,40,5
428384,1297628,35,221,18,1,16,1
2339263,3868370,79,220,38,2,34,1
8506939,2054904,755,219,38,4,31,7
3889930,1420973,292,219,23,2,18,5
2056412,2913614,288,219,48,1,41,2
45972337,2051924,2241,217,31,3,23,6
21318496,1791311,1983,217,80,5,68,2
2734391,967938,185,217,34,1,31,2
3219931,1473029,401,216,33,1,29,5
592279,4054276,46,215,84,11,69,2
32145308,1820157,1929,212,34,1,29,1
5095798,5047622,283,212,43,5,33,5
297899,1108919,38,212,30,2,26,2
433228,1122071,34,212,32,1,29,2
2587350,3104176,114,211,16,1,13,4
231066,9837772,17,210,92,5,79,2
3116864,1449064,151,208,25,1,21,2
501292,2061958,56,208,12,1,9,2
646179,1000195,56,207,34,1,26,2
16293723,1313496,2227,206,33,2,28,2
179329,13586866,418,206,16,0,14,1
3367222,13839990,188,206,49,15,31,1
32778910,4505612,565,204,63,6,53,5
28588509,1329008,2211,203,12,1,10,1
21738309,1513975,2193,203,28,1,25,1
3316445,422444,184,202,54,1,49,1
2942247,3265898,175,202,20,7,12,2
5763064,1089603,201,201,55,1,52,2
494965,2965623,45,200,12,1,8,2
4902006,1999926,159,197,39,1,36,2
329954,788830,31,196,25,1,23,1
46433,674818,14,196,47,1,44,2
652091,254644,80,195,74,5,66,1
1235864,1549763,265,194,42,1,37,2
1529011,2506466,180,194,39,2,35,6
5629792,3889698,420,193,40,1,35,3
366805,898962,50,193,22,1,20,6
8519983,18334867,279,192,19,8,8,2
1470079,2707457,199,192,31,3,25,5
761852,25380769,39,192,54,1,51,1
2501208,1443455,168,190,23,3,18,2
14796494,2388953,1019,189,64,1,59,1
1111106,743890,156,189,31,5,23,1
10946733,1958856,732,186,90,6,65,3
1730639,1642663,238,184,20,1,17,3
610017,3177615,46,184,82,4,74,2
11419272,13073406,518,183,20,3,14,2
1472295,1119782,301,183,36,2,31,4
1162321,984276,224,181,55,2,49,3
17406850,1627160,968,179,64,8,53,1
1815144,14841221,410,179,54,25,25,6
907504,2263734,121,178,50,1,46,3
17284751,2102946,744,175,55,5,46,6
2864811,23878382,271,175,25,1,22,1
2108522,2299704,107,174,30,1,26,2
1148221,21413480,16,174,37,13,21,2
521730,2646667,51,172,21,0,19,3
12992206,1657433,605,171,25,1,20,1
110431,514294,33,171,67,8,55,1
1300826,1937272,137,168,36,2,31,2
332749,542468,38,168,97,0,78,2
3823006,1928829,670,167,82,1,77,3
5310758,18660165,333,167,23,4,17,2
1085578,2426621,58,167,22,1,18,1
5566562,3304576,281,166,51,6,42,1
1340624,2165833,118,166,49,1,45,6
85091,390251,8,166,23,1,20,3
4853184,24762417,274,165,31,6,22,3
1415912,1838318,105,164,25,4,18,9
49839,1375702,9,164,46,4,38,2
21077972,643743,2026,163,56,3,48,1
60945787,5198143,1454,163,21,2,17,1
4717323,20779940,248,162,78,37,38,3
6407723,868573,1399,160,72,0,68,1
1498606,2794796,868,160,44,2,30,5
6314680,1275001,530,160,32,1,28,4
468072,2710919,88,160,41,1,37,1
1631342,30915286,45,160,40,1,37,2
22707796,1406807,1588,159,50,2,43,2
9408339,1715195,1126,159,18,2,14,1
190323,833043,20,159,27,1,24,2
97000725,4971851,2202,158,35,2,29,6
1520533,536683,250,158,20,1,18,2
548867,9397159,81,158,47,2,43,3
11259743,5618955,37,158,59,0,58,1
215720,379454,35,158,28,0,25,1
193260,2318788,18,158,32,0,29,1
2803768,1052220,276,156,16,0,14,1
21831603,3884192,754,154,14,1,10,2
1635168,1521147,308,154,30,1,27,4
99211,1757730,17,154,48,0,44,1
8408554,2053666,504,150,19,1,16,4
5248019,2175452,206,150,29,1,27,2
13343926,1755455,1484,149,34,2,28,2
619949,1073374,20,149,24,0,22,1
377820,1217743,57,148,23,1,20,1
249369,1571094,22,148,36,1,32,2
583822,1148714,132,147,21,4,15,4
1496557,3903548,61,147,55,1,51,3
1094966,2014384,103,146,33,4,26,4
852318,1316251,77,146,35,0,32,2
14048962,13981174,997,144,59,3,51,2
44857,318050,217,144,32,1,29,2
2989245,3377810,104,144,26,5,19,5
526383,1479590,46,144,44,0,41,2
189150,1586857,21,144,68,1,63,2
19696660,3558841,2953,143,41,2,36,2
14181418,5730985,1426,143,75,1,69,1
194309,1093542,636,143,8,0,7,1
1741189,2056935,170,142,24,1,22,3
587381,1127491,87,142,28,0,25,3
151623,749192,25,142,27,0,25,2
9046,421824,1651,141,20,0,18,1
1237135,1818623,83,141,24,1,21,2
777784,2012240,64,141,52,4,46,2
2260422,794590,28,141,19,0,18,1
214579,442431,22,141,29,0,26,1
49575645,2263604,1507,140,15,0,13,1
288428,995050,35,140,24,1,22,2
65933,97094,23,140,32,0,30,1
3046985,1654348,296,139,31,1,27,2
2653675,912841,262,139,30,1,26,3
177517,406800,32,139,35,1,32,2
327441,1509922,24,139,30,1,27,4
219716,1933052,18,139,49,2,43,1
41109976,1333982,1623,138,82,3,74,1
911278,1501548,77,137,33,12,19,2
770011,641885,77,136,22,2,17,5
2325879,1700782,213,135,41,10,28,2
109779,960783,20,135,18,0,17,2
21393506,2576848,1446,134,24,1,21,1
4784474,552019,1101,134,18,0,16,1
2722567,1672618,199,134,29,1,25,1
1700887,7172864,35,134,17,0,15,1
7960191,752996,549,133,49,0,47,3
146153,1648127,26,133,35,4,29,2
12010704,1056886,1445,132,21,0,19,1
521202,12673521,37,132,82,1,78,2
148800,541147,30,132,18,0,17,3
1021983,1588973,71,131,37,2,33,2
8209610,1469873,758,130,56,4,48,2
4498330,1176158,440,130,41,2,37,5
4301686,1013706,377,130,26,1,23,2
858665,492280,31,130,38,1,36,2
892019,1807873,98,129,24,1,20,4
651093,1285164,78,129,79,1,76,3
583059,948983,78,129,39,1,31,2
89452,406401,63,128,55,1,52,1
9436562,922628,732,127,44,2,39,5
781751,544888,124,127,20,1,17,2
5752139,927164,304,126,9,0,8,1
10416716,1198384,957,124,52,24,25,2
2859970,1227091,268,124,52,0,49,1
2416828,617318,190,124,33,1,29,2
11615666,1998570,1040,123,66,8,56,1
3121203,1332568,191,123,14,2,10,4
3094360,4539117,109,123,39,2,34,3
660070,1558706,39,123,36,1,33,2
25872,565739,16,123,20,0,19,1
110889,930790,111,121,29,1,26,1
2070142,2201768,103,121,30,2,25,2
815092,862963,77,121,51,1,43,2
4633687,2219722,223,120,29,1,26,1
1700522,991883,165,120,76,2,69,1
1067873,1429250,117,120,16,1,13,2
2455033,2169765,58,120,75,3,68,2
565616,1621954,46,120,30,0,27,2
2009666,1659142,119,119,21,1,18,1
3473331,1800155,90,119,36,3,29,2
529887,620164,46,119,37,1,34,2
2047226,2049696,108,118,44,1,41,2
1250136,935847,488,116,42,1,38,2
3240927,475441,317,116,37,1,34,3
7051170,1341155,183,116,23,0,21,2
3297091,7778655,169,116,46,1,41,2
787792,1862786,94,116,18,0,16,5
604281,1126983,68,116,53,1,49,3
812572,1702122,57,116,76,2,69,2
3054585,23402904,34,116,75,28,42,1
99228,1347027,15,116,47,1,42,2
2869638,4353675,90,115,26,1,22,2
172761,248227,26,115,26,1,24,1
4173567,1807176,200,114,14,1,12,4
1106747,493034,172,114,27,1,23,1
2659418,9293447,148,114,39,1,36,2
699884,1235083,54,114,68,0,63,2
681337,7877447,35,114,45,16,27,1
3302582,26379884,27,114,46,11,31,2
175788,479068,25,114,34,0,31,1
3161641,1356416,182,113,46,2,41,2
435856,941286,42,113,32,0,29,2
3980323,1232313,19,113,44,1,39,1
2105114,868962,223,112,70,1,66,2
352834,1257205,165,112,51,2,45,5
2422232,3769902,135,112,29,2,25,2
1599502,18873672,51,112,51,10,36,1
41411,251538,1287,111,29,1,26,2
12648586,419363,903,111,43,5,36,2
13938782,2172483,770,111,31,3,24,2
2714791,546107,153,111,17,0,15,1
263309,997399,54,111,49,3,43,1
29668,265019,21,111,59,0,57,1
3325197,410680,302,110,25,0,23,1
3354251,927960,315,109,7,0,6,2
1077864,992769,113,109,14,1,11,3
913390,1009543,107,109,58,2,52,1
2035926,972272,153,108,58,1,45,1
7130811,1000147,967,107,42,1,36,1
4580865,805485,330,107,53,1,50,3
7631842,623039,214,107,22,1,19,1
1004511,881601,87,107,44,1,39,4
260708,1030053,55,107,25,0,21,1
514478,3029264,38,107,22,1,20,2
10749082,1658485,772,105,53,4,47,1
2756782,706690,305,105,42,0,38,1
560637,1390071,71,105,84,1,79,2
417478,1317070,36,105,13,0,12,1
152565,1666566,13,105,29,1,27,2
735183,8919746,11,105,60,2,53,1
10809203,2205135,615,104,73,4,55,2
442375,1011285,150,104,30,1,27,2
94917,1239537,12,104,31,0,29,1
3407935,933535,307,103,8,0,7,2
1736800,323196,180,103,29,1,27,2
437270,9756396,17,103,55,1,49,2
3829920,918479,288,102,23,1,21,3
1798192,992777,159,102,34,1,31,2
246602,1067740,22,102,83,1,78,1
426837,691299,58,101,31,1,28,2
535649,1135532,120,100,27,1,23,1
2129846,1342978,107,100,22,1,20,1
879169,962283,91,99,25,1,22,1
299882,1100850,38,99,21,1,19,2
2298215,179752,152,98,52,0,49,3
909811,1171490,84,98,45,1,41,4
1318153,21753377,74,98,29,8,18,2
528673,1044542,39,98,36,1,32,2
340402,2709116,16,98,45,0,43,1
15092155,901936,802,97,41,1,35,1
4467766,1258110,250,97,31,1,28,3
3053238,312289,205,97,34,1,31,1
433404,1493828,92,97,43,5,35,4
415286,1072730,56,97,22,0,19,1
50186,303931,29,97,31,0,27,1
80481,913600,14,97,22,0,20,2
4856154,603013,274,96,24,0,22,2
1426171,944019,237,96,17,1,13,1
7163,366165,55,96,39,0,36,1
381234,1174103,49,96,22,1,19,2
483031,1612656,41,96,37,1,34,1
320059,1322497,25,96,29,1,26,2
2816939,1414034,222,95,50,1,42,2
2436400,1470031,149,95,25,1,21,1
322895,723474,43,95,16,1,14,1
2294029,1896860,32,95,55,2,50,1
10798,194561,14,94,41,0,37,1
3788738,3100260,305,93,54,8,43,6
733215,13036364,234,93,31,4,19,2
560162,402509,55,93,42,0,39,2
725683,585232,34,93,29,2,25,1
231862,1458118,21,93,22,0,20,4
2334078,656085,328,92,43,0,39,1
1563261,1048904,257,92,32,1,28,1
3072686,1665373,96,92,35,0,33,2
1549753,1233867,91,92,14,1,12,1
785837,1478023,63,92,18,0,16,2
960868,1758580,60,92,30,0,27,2
665029,852409,40,92,16,3,12,2
3135714,1663915,163,91,77,1,69,1
1188351,550649,111,91,30,1,27,2
309990,977653,64,91,54,0,51,3
736573,1330331,58,91,30,1,26,2
214912,1066983,48,91,22,1,19,2
850539,288944,41,91,47,0,44,1
2590946,24285037,29,91,68,1,65,2
182625,475615,21,91,47,0,45,2
133223,750624,45,90,21,0,20,1
468753,4513130,39,90,34,1,32,2
21851,132711,13,90,31,0,28,2
3620078,782579,301,89,28,1,25,2
11918001,1347972,223,89,50,2,41,5
1327772,758991,134,89,22,1,19,1
119621,5687711,47,89,36,1,32,3
330491,827305,43,89,58,1,54,2
591677,704165,40,89,54,1,51,1
854732,804266,240,88,43,1,39,2
104260,509803,44,88,43,0,41,1
181419,957848,20,88,17,1,14,1
137999,151966,8,88,40,0,38,1
7189316,721229,625,87,24,1,21,1
1241193,708504,131,87,40,0,38,1
479263,1052615,40,87,39,1,35,2
299033,1693946,37,87,42,0,37,2
2078279,1104079,252,86,26,8,16,6
395856,1155888,47,86,40,1,37,2
193756,837034,16,86,46,0,42,1
103935,628189,15,86,12,0,10,2
138700,893746,13,86,28,0,24,1
3588714,921370,137,85,41,1,37,6
43194,315539,63,85,49,7,38,2
149535,769959,51,85,30,0,28,1
101476,947429,14,85,68,1,62,1
9401716,520844,652,84,56,1,52,1
10778646,1114283,521,84,69,10,56,1
1573084,226849,214,84,21,2,19,1
520742,647265,76,84,38,0,35,1
123571,1078047,17,84,48,0,42,2
64634,209765,10,84,24,0,22,1
4375203,801599,279,83,34,2,30,2
1187021,6563468,47,83,33,0,31,2
320787,742861,43,83,42,1,39,2
304309,717896,42,83,69,2,62,2
213303,634976,32,83,52,1,49,1
431350,918315,30,83,38,0,35,1
467486,176355,278,82,50,0,47,1
2936323,1328777,251,82,47,1,42,3
369154,1089693,55,82,26,1,23,2
326524,805868,42,82,22,0,18,1
563197,4741728,40,82,26,0,23,2
470571,1374365,38,82,36,1,33,1
311595,865801,38,82,21,1,18,1
130559,1155313,21,82,22,1,20,1
6083686,955883,282,81,33,1,30,1
1755555,742586,115,81,57,0,53,2
166168,248248,47,81,53,0,51,2
322267,1100939,42,81,13,1,11,2
279748,316712,41,81,36,0,32,1
200313,1063825,38,81,34,1,31,3
290466,539978,35,81,17,1,15,1
538231,6379786,13,81,77,1,62,3
2954774,400671,265,80,75,53,20,5
2929935,746229,244,80,59,0,56,1
167180,822394,33,80,43,1,38,2
460414,817114,27,80,25,3,20,2
80890,604824,14,80,42,1,38,1
6346602,1147467,264,79,37,1,33,4
2032769,686025,260,79,28,0,25,2
2337633,793179,222,79,14,1,11,5
3467431,750814,187,79,37,1,32,2
402945,1007073,15,79,57,2,51,1
578384,378731,59,78,28,0,26,1
238676,632209,51,78,58,1,55,2
160511,780066,38,78,16,0,14,1
91731,323976,16,78,62,13,46,3
5065845,583768,518,77,36,0,33,2
1595525,534599,419,77,24,1,22,1
388211,603405,68,77,34,1,31,4
89676,449117,41,77,26,1,23,1
269062,794168,37,77,62,0,59,2
162820,712727,35,77,50,1,47,2
21767,249851,26,77,48,0,44,2
314452,1324550,18,77,43,3,37,2
4129913,684250,212,76,45,1,40,5
544980,410248,56,76,19,1,16,2
369491,764077,45,76,36,0,33,2
316561,851138,41,76,18,1,16,1
49537,950479,21,76,59,17,38,2
143908,560315,15,76,34,0,31,2
18223,269528,10,76,31,0,29,3
5539085,567462,582,75,22,0,20,2
13415119,3234566,465,75,34,2,30,3
634036,194522,150,75,19,0,17,1
1491977,435451,117,75,62,1,56,1
2272578,710183,93,75,27,2,22,2
160807,599850,49,75,43,1,40,1
292496,344983,45,75,57,0,54,2
314885,712218,43,75,25,0,22,2
421142,704700,28,75,44,1,41,1
871118,828797,185,74,46,1,43,5
3789909,855596,124,74,67,3,61,1
353123,1018772,50,74,38,1,35,2
309530,885550,43,74,24,1,22,1
390651,629526,41,74,24,0,23,3
323252,631349,39,74,17,0,16,1
14660853,6843515,12,74,25,1,21,1
50927,0,48,74,19,0,18,1
2292306,261001,545,73,30,2,25,1
587351,596508,71,73,33,0,30,1
1313810,880592,66,73,68,1,63,1
173488,634701,49,73,20,1,17,2
356541,565366,42,73,33,1,29,1
312175,1086277,38,73,59,0,55,2
892950,1394749,32,73,14,1,12,2
234231,915354,31,73,36,1,30,1
389022,849373,29,73,41,2,36,1
2888238,1124275,250,72,42,0,38,2
1146889,972041,54,72,11,0,9,1
292951,689111,38,72,14,0,13,1
573860,586929,26,72,49,1,46,1
150314,467233,21,72,19,1,17,1
320928,761537,18,72,37,1,34,3
5142660,2558589,273,71,30,0,29,2
597133,374615,84,71,21,0,17,3
268750,1256808,35,71,14,0,13,1
299625,765608,29,71,34,4,28,1
2289711,557379,385,70,47,0,42,1
71527,472737,39,70,34,0,31,2
336978,623476,14,70,12,0,10,1
53036,711964,10,70,20,1,18,1
4256212,687490,247,69,33,1,29,2
1421009,315614,151,69,24,0,22,3
302641,596419,40,69,32,1,29,1
383280,926142,35,69,26,0,23,2
168163,271897,22,69,33,0,31,1
35030,769781,19,69,57,1,52,1
4648305,908007,252,68,25,0,22,2
4544728,1227358,131,68,45,0,41,2
477419,1043449,54,68,23,1,20,3
543354,298636,50,68,25,1,22,2
206522,865193,45,68,16,1,14,2
1001921,2208393,42,68,26,1,23,1
347544,785581,40,68,67,1,61,2
10436354,11554585,433,67,51,2,46,2
1827390,686335,330,67,54,1,48,2
4243059,865247,208,67,37,2,32,4
5811629,670303,208,67,50,1,47,4
2024525,718838,150,67,36,0,33,1
473505,591566,35,67,20,1,17,2
149072,478833,21,67,43,0,40,1
591066,10894590,11,67,82,13,65,3
7577298,991961,498,66,46,1,42,3
5174860,556515,239,66,18,0,17,1
2837585,745205,179,66,39,0,36,2
406057,359726,51,66,24,1,21,3
287960,372216,33,66,22,0,19,3
1186216,180215,22,66,39,1,36,2
235120,308620,11,66,36,0,32,1
2915285,441196,569,65,28,0,20,4
8302601,7832749,187,65,27,0,24,2
879563,542031,74,65,34,3,29,5
74311,396461,48,65,28,1,26,2
933602,4338656,25,65,27,1,24,2
138876,420709,21,65,34,1,31,1
2100690,486718,166,64,46,1,42,2
1427230,667655,120,64,44,1,40,5
1454208,676172,91,64,29,0,26,2
708297,853807,42,64,35,1,31,2
285901,315938,39,64,17,0,16,1
384864,487163,29,64,28,1,24,4
167186,679562,22,64,67,1,62,2
93802,690502,21,64,34,0,31,1
188688,591471,13,64,27,1,25,2
68158,580329,11,64,17,0,15,1
624211,7076724,8,64,26,0,25,1
143252,429905,7,64,9,1,8,1
560252,602822,134,63,27,0,25,1
2373864,1277305,121,63,14,1,12,1
3044149,313126,121,63,23,0,20,1
982527,825782,62,63,17,1,14,1
323280,617243,49,63,12,0,10,2
402221,700342,43,63,77,0,70,4
56671,652739,10,63,27,0,25,1
268721,9474535,9,63,30,1,27,2
4526224,25137792,6,63,48,1,45,1
103291,583353,27,62,29,0,25,1
329192,784223,22,62,40,1,37,1
65171,243894,19,62,27,0,24,1
91311,390513,14,62,16,0,14,1
88165,503568,11,62,18,0,16,1
31168,831426,4,62,18,0,16,1
249423,1981108,3,62,44,0,41,1
1294256,368818,323,61,31,0,28,1
402866,952508,77,61,57,0,55,1
219021,528927,29,61,38,1,34,1
191282,588798,17,61,37,0,34,2
229024,130529,54,60,23,1,20,1
408561,1177051,47,60,23,1,20,2
616428,1226463,31,60,26,0,23,4
338846,521870,27,60,20,1,17,4
167456,488890,23,60,23,2,20,2
71935,483993,22,60,22,0,20,1
307892,1333891,21,60,29,3,24,2
110161,299218,20,60,16,0,11,1
234916,378002,15,60,48,0,45,2
27601,522159,12,60,32,0,29,2
36511,527293,5,60,27,1,25,2
2202167,485798,139,59,54,4,47,3
2624634,909897,136,59,36,0,34,2
4141625,669158,134,59,17,0,15,2
1452665,608883,69,59,41,1,38,4
1349153,690926,66,59,38,0,34,1
585344,637359,28,59,28,2,23,1
53207,584054,8,59,12,0,11,1
27927,785088,4,59,15,0,13,1
4059448,476744,304,58,27,0,25,1
1926054,707879,170,58,18,0,17,1
980584,377714,94,58,17,0,15,2
756656,792469,52,58,27,0,25,2
458334,639141,29,58,40,0,37,2
204080,839524,25,58,28,1,25,2
70644,522461,21,58,26,1,22,1
106306,764966,19,58,35,1,33,2
10773,769452,13,58,36,1,32,1
3029,774568,2,58,88,0,72,1
15008,535583,1,58,41,0,39,1
0,771612,1,58,9,1,7,1
1371665,18145636,134,57,24,0,22,1
307700,255204,36,57,31,1,28,1
191535,512605,33,57,29,0,27,1
84507,371735,15,57,46,0,42,1
122551,811366,11,57,50,1,46,1
2466,780220,1,57,26,0,22,1
6313,752819,1,57,89,0,86,1
373743,882603,43,56,11,0,10,1
224485,689677,22,56,20,0,18,2
2408536,23848995,17,56,18,0,16,1
459749,830335,17,56,12,0,10,1
21989,644320,4,56,58,0,56,2
13548,751477,2,56,44,1,40,2
1722,565085,1,56,57,0,54,1
1533,564919,1,56,15,0,13,1
0,255283,90,56,35,0,33,2
2225149,454534,259,55,26,1,24,2
306208,844366,34,55,30,0,28,3
196505,212597,28,55,16,1,13,2
179745,795209,17,55,38,1,35,1
43338,798650,4,55,25,0,22,1
232800,1283622,2,55,39,0,35,3
897112,872119,64,54,36,5,29,2
336523,289549,27,54,13,0,11,2
312792,924016,26,54,73,1,69,1
754059,2334420,23,54,55,1,50,1
139664,447842,16,54,17,0,16,2
82573,206811,10,54,60,0,57,2
8174,302791,9,54,36,0,34,1
672,745516,1,54,78,0,73,1
2735432,463472,204,53,23,0,21,1
22729,292504,24,53,51,0,48,1
153847,505134,7,53,64,2,59,1
199516,1399788,5,53,64,11,50,2
158824,508144,5,53,19,1,17,1
3676613,556467,267,52,51,2,46,4
1272647,559234,177,52,17,0,14,2
245947,639181,28,52,43,1,40,2
72446,470093,18,52,30,0,27,1
435932,1145176,17,52,36,1,33,1
113458,631998,10,52,31,0,28,2
92676,608650,5,52,58,0,54,1
548,99044,4,52,31,0,29,1
8703,759507,2,52,78,0,66,1
4095396,875573,210,51,21,1,18,3
158305,444282,22,51,8,0,7,1
953331,728642,19,51,37,0,34,1
135434,419595,19,51,51,0,47,1
51688,160201,19,51,13,0,11,3
117398,636954,12,51,22,0,21,2
57392,333128,12,51,19,0,18,1
60292,663115,6,51,29,0,26,1
1555385,399117,271,50,17,0,15,1
4676,432218,81,50,29,1,25,2
403590,719013,29,50,25,1,19,2
1051952,7039535,20,50,23,0,22,1
84247,111368,19,50,38,5,28,1
160530,246217,18,50,39,0,35,1
394712,1834088,16,50,32,1,29,2
82294,432257,15,50,26,1,24,2
102631,683129,12,50,34,0,32,1
31495,362484,10,50,9,0,7,3
2871,500621,6,50,38,0,35,1
96859,918880,6,50,55,1,52,1
5132,747500,2,50,40,0,36,1
7308,747011,2,50,27,1,25,1
12446,435081,2,50,28,0,25,1
13789,550412,1,50,41,0,37,1
116290,689452,13,49,32,0,30,4
89320,552829,10,49,29,0,26,1
54896,567701,7,49,40,1,37,1
217652,3544561,6,49,82,0,79,4
29773,428888,3,49,61,1,58,2
1707,421980,1,49,26,1,23,1
84266,368247,45,48,22,0,20,2
295965,853734,23,48,61,0,58,1
150012,451669,20,48,21,0,19,1
32027,11005276,14,48,33,0,31,1
81525,353363,12,48,6,0,5,1
89182,701054,10,48,9,0,7,1
386872,4598381,9,48,34,4,28,1
12766,151565,3,48,37,0,34,2
127743,819198,2,48,42,0,39,2
39697,574628,2,48,42,0,39,1
14216,575555,1,48,23,0,21,1
1017646,2396090,69,47,17,0,15,1
258094,410403,16,47,20,0,18,1
34520,645961,8,47,60,0,56,3
60282,666579,5,47,24,0,23,1
47229,549366,5,47,53,0,50,1
9438,3019696,5,47,80,0,76,1
7128,569366,3,47,68,0,60,2
5205566,449359,210,46,61,2,55,1
619449,472144,51,46,24,0,21,1
357988,454404,34,46,50,0,46,2
286447,1076491,22,46,21,1,19,1
107636,729745,15,46,34,0,30,1
350619,122697,13,46,59,1,56,2
45589,158718,10,46,26,1,24,2
453991,15687562,7,46,49,0,45,1
58150,468867,6,46,38,0,35,2
273036,1887807,6,46,17,1,15,2
56366,613130,4,46,42,1,40,1
2014,571381,4,46,50,0,47,1
91124,454224,4,46,9,0,7,1
14573,572695,2,46,35,0,31,1
10294,527520,2,46,27,0,24,1
0,616543,1,46,48,1,45,1
481480,1001588,38,45,67,4,60,1
188357,1065517,24,45,43,0,40,1
156726,547416,12,45,37,0,34,1
63424,529918,10,45,42,1,39,1
91268,502412,10,45,30,1,28,2
29195,479768,9,45,36,0,34,1
13393,376611,3,45,35,0,34,2
25556,346982,2,45,35,1,32,2
2922,329491,2,45,42,0,39,1
5111,508732,2,45,47,0,43,1
6567,518924,2,45,71,0,66,1
1530,534302,1,45,65,0,61,1
0,532567,1,45,27,0,19,1
1970847,434485,81,44,28,0,27,1
328052,418152,61,44,28,0,26,1
327241,495572,40,44,31,0,28,1
85233,178749,31,44,46,1,41,1
191067,532176,21,44,26,0,20,2
77380,260844,19,44,7,0,5,3
136794,520218,18,44,23,1,19,1
276301,699072,13,44,15,1,13,1
82293,413543,13,44,11,0,9,1
3969,238400,7,44,10,0,9,1
48883,691342,5,44,37,0,34,1
5869,629462,4,44,33,0,30,2
0,507700,1,44,36,1,33,1
2925145,322182,336,43,80,0,75,1
268526,1223749,89,43,50,0,47,2
517470,746838,39,43,51,1,46,1
507997,1196015,26,43,52,3,47,4
76611,496603,14,43,13,0,10,3
28557,503580,7,43,27,0,25,1
17853,354041,7,43,19,0,17,1
48810,521207,4,43,38,0,35,1
4006,611320,2,43,82,0,70,1
4872,324869,2,43,74,0,65,1
22640,378207,2,43,18,0,14,1
0,0,2,43,24,0,21,1
1324566,4649363,162,42,30,1,27,5
1569308,279850,130,42,23,0,22,1
1521023,344652,104,42,48,0,45,1
135266,372313,19,42,27,0,25,1
92122,163722,16,42,23,0,20,1
118493,183464,15,42,49,0,46,2
198430,1299590,9,42,31,0,28,2
35375,312040,9,42,15,0,13,1
101076,350226,8,42,21,0,19,1
47737,362935,7,42,39,1,36,1
22964,537318,6,42,80,19,55,1
936,448357,1,42,37,0,34,1
0,447435,2,42,17,0,16,1
3780833,395833,326,41,24,0,22,1
44589,255298,15,41,34,0,31,2
113393,390587,10,41,22,0,21,2
54054,498312,7,41,37,0,35,2
20925,350070,7,41,40,0,37,2
72196,434807,5,41,16,0,14,1
42322,570230,4,41,36,0,34,1
611910,1006556,20,40,46,0,43,1
378601,877333,17,40,30,0,28,1
79741,1148108,15,40,45,0,40,1
133387,406050,10,40,20,1,17,1
22506,172601,7,40,21,0,19,1
59506,529925,4,40,18,0,16,1
17275,176894,4,40,19,0,17,1
7752,117916,3,40,13,0,12,1
16600,270278,3,40,21,0,19,1
0,0,1,40,18,0,16,1
133404,315149,20,39,62,0,56,2
138476,332613,15,39,31,0,28,1
121709,268685,14,39,34,0,32,2
12708,298247,11,39,33,0,31,1
81505,456191,7,39,31,0,28,1
30891,459638,5,39,27,0,25,2
19325,266299,5,39,58,0,55,2
15573,370325,3,39,41,0,38,1
0,568776,2,39,25,0,23,1
0,0,1,39,37,0,35,1
2002312,253659,76,38,26,1,23,1
710146,741520,74,38,48,0,44,1
3382920,373260,46,38,41,1,38,1
203867,353216,21,38,31,0,28,1
68227,328951,17,38,10,0,8,1
94290,260483,12,38,2,0,1,1
1452,443785,9,38,18,0,15,1
35804,349244,8,38,39,1,36,1
281743,467696,8,38,13,0,12,2
95390,432843,7,38,4,0,3,1
105932,986652,7,38,49,0,46,1
71570,230975,4,38,40,0,37,1
10734,230938,3,38,77,0,73,3
8919,572111,2,38,88,0,76,1
3744,484142,2,38,57,0,54,1
4405,372767,1,38,41,0,38,1
1218,230880,1,38,32,0,26,1
0,514094,1,38,44,0,40,1
0,258582,2,38,45,0,43,1
3414872,317802,287,37,39,2,35,1
2774518,399245,224,37,7,0,6,1
3772567,543376,213,37,27,0,24,1
113714,330105,81,37,47,0,44,1
11990,339340,44,37,38,0,33,1
178138,297944,21,37,19,0,17,3
148488,294543,19,37,52,0,47,2
127087,176631,17,37,6,0,4,2
48191,269563,17,37,23,0,21,2
139917,443775,15,37,42,1,38,1
526101,17428028,13,37,17,1,15,1
109271,397344,13,37,23,0,21,2
10722,319025,11,37,20,0,19,2
74746,389949,10,37,25,1,23,1
5852,113669,7,37,20,0,19,2
298777,1487114,6,37,41,1,37,2
27284,246233,4,37,35,1,32,3
17879,272083,3,37,18,0,16,1
8336,451038,3,37,44,0,40,2
17820,377727,3,37,32,0,30,2
9785,534513,2,37,40,0,38,2
2063,490646,2,37,66,0,60,2
5116,21479,1,37,39,0,37,1
5548,232084,1,37,22,0,20,1
41095,758623,1,37,58,0,55,1
3050,532636,1,37,23,0,21,1
8521,317818,1,37,46,0,41,1
0,370242,1,37,20,0,19,1
0,523654,1,37,67,0,65,1
29981,304490,136,36,30,0,27,1
481812,3021061,19,36,43,0,39,2
45853,387830,13,36,33,0,31,2
16295,226275,13,36,19,0,16,1
101725,169166,12,36,66,0,63,1
136379,408710,9,36,24,0,22,1
619318,576168,9,36,29,0,27,2
12162,431531,4,36,55,0,52,1
3584,230399,3,36,21,0,19,1
16321,388777,3,36,23,0,22,1
3407,323816,3,36,25,1,23,3
16529,218777,2,36,26,0,24,1
7665,438736,2,36,30,0,27,1
866,445188,1,36,86,1,82,1
4683,435570,1,36,18,0,16,1
1420,433140,1,36,16,0,12,1
0,434944,1,36,20,0,18,1
0,180860,3,36,26,0,24,1
18206,114597,38,35,28,4,22,2
519196,291699,32,35,35,0,25,4
291140,483421,31,35,27,0,25,1
28760,125009,13,35,33,0,30,1
73661,426375,11,35,27,1,23,2
19353,1131171,4,35,39,0,36,1
59970,703224,4,35,59,0,55,2
15673,452126,3,35,32,1,29,1
27208,327192,3,35,63,0,60,2
11456,332703,3,35,64,0,61,2
9567,330399,3,35,46,0,43,2
19705,146838,3,35,10,1,8,3
9111,142155,3,35,33,0,30,1
16833,271445,3,35,17,0,15,2
6006,413889,2,35,32,0,30,1
8524,269771,2,35,33,0,31,1
4456,110975,2,35,42,0,39,1
1662,328099,2,35,50,0,48,2
2926,287834,2,35,54,0,50,2
6472,278112,2,35,28,0,25,1
11920,946637,2,35,27,1,24,1
21344,422488,2,35,36,0,32,2
1558,265370,1,35,15,0,11,1
885,232995,1,35,23,0,21,1
1536,227270,1,35,12,0,9,1
10557,329643,1,35,65,0,61,1
1265,248948,1,35,23,0,21,1
1684,286231,1,35,40,1,37,1
0,226893,1,35,30,0,28,1
0,110563,1,35,40,0,37,1
0,462394,1,35,58,0,54,1
0,326820,1,35,21,0,15,1
0,0,1,35,37,0,34,1
0,925498,1,35,17,0,16,1
0,257261,1,35,44,0,41,1
0,268902,1,35,26,0,24,1
751231,406218,23,34,32,1,28,3
8790,311669,7,34,29,0,27,1
272042,877393,4,34,15,0,14,1
14000,261908,3,34,40,0,36,2
14447,415127,3,34,18,0,16,2
11596,141658,3,34,38,0,35,3
5446,261800,2,34,71,0,68,1
2130,411446,2,34,30,0,28,1
1906,406720,2,34,10,0,9,1
132497,264398,2,34,30,0,28,1
11436,280186,2,34,35,0,32,2
4403,281237,2,34,35,0,32,1
5673,329699,2,34,33,0,30,1
6009,280741,2,34,22,0,19,1
3757,262370,2,34,27,0,25,2
6887,139756,2,34,27,0,23,2
1626,242530,1,34,59,0,57,2
12730,244321,1,34,13,0,8,1
2348,256790,1,34,9,0,7,1
1053,396733,1,34,33,0,30,1
2868,210273,1,34,27,0,25,1
3015,441109,1,34,32,0,29,1
13037,287245,1,34,39,1,36,1
68219,632607,1,34,50,0,47,1
1448,281858,1,34,33,0,26,1
1074,333315,1,34,61,0,56,1
7764,145604,1,34,18,0,16,1
524,272251,1,34,37,0,34,1
0,261355,2,34,74,0,68,1
0,209858,1,34,23,0,21,1
0,201819,1,34,18,0,17,1
0,277333,1,34,41,0,38,1
0,0,1,34,33,0,30,1
0,132563,2,34,21,0,19,1
0,249224,1,34,19,0,17,1
0,164711,1,34,36,0,33,1
0,276623,1,34,17,0,12,1
0,281728,1,34,17,0,16,1
0,258145,1,34,100,100,100,2
0,257137,1,34,48,0,46,1
76591,189121,181,33,20,0,19,1
1239826,1934580,28,33,23,0,21,1
53090,193894,13,33,31,0,28,1
95850,328906,12,33,54,0,37,1
116714,295075,10,33,59,1,55,1
405276,290355,7,33,37,1,33,3
5948,107239,5,33,27,0,25,1
9747,258076,3,33,55,0,52,1
11163,260526,3,33,63,0,60,2
15708,313513,3,33,35,0,32,1
5118,277286,3,33,20,0,19,1
2851,452828,3,33,12,1,10,1
4826,444529,3,33,23,0,20,1
17111,290302,3,33,50,0,46,2
2266,246065,2,33,31,0,29,1
1968,383703,2,33,22,0,20,1
2680,263696,2,33,29,0,27,1
2546,209112,2,33,13,0,12,1
9926,209678,2,33,38,0,36,1
11086,204334,2,33,51,0,47,1
6972,247561,2,33,91,0,78,1
3891,164470,2,33,32,0,28,1
2896,309939,2,33,32,0,27,1
6978,138779,2,33,28,0,26,1
906,447394,2,33,35,1,32,2
13294,259066,2,33,38,0,35,1
1908,256982,1,33,25,0,22,1
2556,389111,1,33,26,0,24,1
9866,388414,1,33,18,0,15,1
1746,203332,1,33,55,0,51,1
1708,275813,1,33,45,0,42,1
1834,136000,1,33,33,0,30,1
3032,259065,1,33,10,0,9,1
0,382853,1,33,41,0,39,1
0,258263,1,33,39,0,36,1
0,207349,1,33,39,0,37,1
0,201549,1,33,25,0,23,1
0,277601,1,33,12,0,10,1
0,138703,1,33,27,1,25,1
0,258644,1,33,82,0,79,1
4007381,424217,147,32,36,1,32,2
2696053,320306,92,32,63,0,57,1
78126,297557,10,32,24,0,23,1
67236,286550,9,32,17,0,15,2
56536,249460,9,32,26,0,23,1
15127,224870,7,32,48,0,45,1
892950,1099296,7,32,33,1,30,2
988073,10561890,4,32,67,9,55,1
1888,256112,4,32,64,0,62,1
10755,240445,3,32,49,0,38,2
3545,248523,3,32,41,0,38,2
12947,164703,3,32,40,0,36,1
5484,348550,3,32,40,0,37,2
11327,374122,2,32,27,0,25,1
10533,283213,2,32,23,0,21,1
1802,305937,2,32,22,0,21,2
8010,257314,2,32,28,0,26,1
2062,233658,1,32,11,0,10,1
326061,2565181,1,32,27,1,24,1
1478,203747,1,32,26,0,19,1
78634,433999,1,32,33,1,30,1
1282,363290,1,32,32,0,29,1
230,248721,1,32,18,0,14,1
2788,291187,1,32,71,0,68,1
0,277297,1,32,78,1,74,1
0,302515,1,32,53,0,50,1
1351743,17908230,40,31,63,20,39,2
60169,324391,9,31,24,0,22,4
61529,255940,6,31,53,0,50,1
26707,361775,5,31,29,0,27,1
486435,1363086,4,31,42,0,39,1
6575,279101,3,31,54,0,48,2
8004,242887,3,31,23,0,20,1
7706,240973,3,31,33,0,31,2
2695,235476,2,31,67,0,64,1
10445,241483,2,31,18,0,17,1
780,247231,2,31,23,0,21,1
6664,249193,2,31,45,0,43,1
10356,139217,2,31,59,0,56,1
6109,290302,2,31,44,0,40,1
6742,109028,2,31,26,0,23,1
4251129,10172466,2,31,26,8,15,2
7498,260843,2,31,86,0,84,1
3701,107263,2,31,37,0,33,1
140494,1112411,2,31,25,0,22,2
154964,777323,1,31,25,1,23,1
1776,304895,1,31,76,0,72,1
0,235407,1,31,21,0,20,2
0,0,1,31,20,1,18,1
0,0,1,31,31,0,29,1
0,361132,1,31,13,0,11,1
0,109676,1,31,25,0,23,1
970965,8849081,23,30,24,0,23,1
189785,449481,22,30,18,0,15,1
132742,321130,12,30,79,0,76,1
86839,241145,10,30,28,0,26,2
76973,219446,10,30,17,0,16,2
74704,195264,10,30,20,0,19,1
61167,213503,10,30,46,0,43,1
83685,318010,9,30,34,0,32,1
36347,432686,6,30,24,0,22,1
25998,315866,4,30,24,0,22,1
7441,258205,4,30,55,0,52,2
7888,306803,3,30,66,0,64,2
14119,118394,3,30,44,0,40,3
1698,299369,2,30,24,0,22,2
4875,293430,2,30,52,0,48,1
9955,424196,2,30,26,0,24,1
10400,241441,2,30,50,0,46,2
3533,243168,2,30,29,0,23,2
1475,101180,2,30,18,1,13,2
1808,122944,2,30,34,1,30,2
1360,151349,1,30,30,1,28,1
1996,424406,1,30,46,18,25,2
1438,423484,1,30,18,0,15,1
1803,304775,1,30,36,0,28,1
3545,106466,1,30,28,0,26,1
1560,114566,1,30,9,0,6,1
181939,0,18,30,21,0,19,1
0,7778212,1,30,50,0,46,1
80889,261519,11,29,29,0,27,1
108432,558624,9,29,26,0,23,2
2587,233812,9,29,11,0,10,1
92613,353926,8,29,46,0,42,1
59830,345554,8,29,24,0,23,1
7036,140355,3,29,44,1,39,2
214119,962004,3,29,49,5,41,1
12935,227694,3,29,15,0,13,1
9018,272392,2,29,79,0,77,1
13955,275196,2,29,38,0,36,1
35381,283603,2,29,18,0,16,1
2374,255762,2,29,42,0,40,1
43196,493086,2,29,40,1,37,1
8794,429594,2,29,59,0,55,2
2343,269477,1,29,24,0,22,1
3564,273362,1,29,28,0,23,1
1741,280025,1,29,10,0,7,1
0,271645,1,29,27,0,25,1
0,278164,2,29,57,0,54,1
7549,283573,3,28,44,0,40,2
9857,253879,3,28,20,0,18,2
13651,241335,3,28,58,0,56,1
8557,232265,3,28,18,0,16,2
11740,269743,2,28,31,0,29,1
4816,270936,2,28,20,0,17,3
4573,157138,2,28,42,0,39,1
2528,253103,2,28,36,0,34,1
7526,252685,2,28,22,0,21,1
7441,224271,2,28,91,0,80,1
6016,302288,2,28,27,0,24,1
5860,424986,1,28,48,0,45,1
3128,418733,1,28,17,0,15,1
1329,235148,1,28,20,0,17,1
1090,277828,1,28,31,0,22,1
1792,251111,1,28,53,0,50,1
1410,250539,1,28,24,0,22,2
1320,248956,1,28,19,0,17,1
2168,250767,1,28,19,0,15,1
1960,136032,1,28,30,0,29,1
10937,429346,1,28,33,0,31,1
1318,426654,1,28,35,0,26,1
0,413011,1,28,44,0,42,1
0,245020,2,28,23,0,22,1
0,105330,12,28,28,0,26,1
0,252982,1,28,28,0,26,1
0,225432,1,28,42,0,40,1
0,219079,1,28,16,0,15,1
0,228489,1,28,26,1,23,1
0,307254,1,28,29,1,26,1
0,0,1,28,18,0,16,1
0,299370,1,28,12,0,11,1
0,307006,1,28,34,1,31,1
309470,193200,69,27,40,0,37,2
93372,400805,6,27,28,0,25,1
5373,228066,3,27,29,0,26,2
1026,288270,2,27,36,1,33,2
1984,255054,2,27,30,1,27,1
7509,261127,2,27,33,0,32,1
4317,686,2,27,52,0,47,1
2102,231578,1,27,19,0,15,1
0,140826,1,27,24,0,22,1
0,140289,1,27,41,0,37,1
0,263325,1,27,29,0,27,1
0,253933,1,27,61,0,58,1
0,3582,1,27,23,0,21,1
72670,215866,10,26,25,0,23,1
73493,371937,9,26,25,0,23,1
76185,193326,7,26,29,0,27,1
51345,150425,5,26,30,1,25,1
15106,264083,5,26,29,0,26,2
5730,144438,3,26,21,0,19,3
21116,242372,2,26,47,0,44,1
9369,233987,2,26,22,0,21,1
1802,278289,2,26,17,0,16,3
1614,218943,2,26,49,0,46,2
6773,232893,2,26,54,0,51,1
13957,263004,2,26,24,0,22,2
1447,215737,2,26,51,0,49,2
5984,182030,1,26,36,1,34,2
776,301539,1,26,23,0,21,1
1508,103634,1,26,17,0,13,1
0,232892,1,26,27,0,25,1
1130742,402447,54,25,16,0,15,1
32511,192089,6,25,24,0,22,3
20437,100264,6,25,25,0,23,2
91984,156133,5,25,43,0,41,1
35898,336433,4,25,47,0,44,1
6963,213624,3,25,23,0,22,1
28424,219686,3,25,41,0,38,1
5593,254736,2,25,36,0,35,1
8191,252454,2,25,24,0,22,1
7340,95622,2,25,25,0,23,1
880,222692,2,25,63,0,60,1
1245,262005,2,25,94,0,57,1
5123,252041,1,25,41,0,39,1
2270,250151,1,25,16,0,13,1
2090,250839,1,25,7,0,6,1
964,214353,1,25,15,0,13,1
752,181237,1,25,38,0,36,1
7237,180820,1,25,32,0,29,1
1320,233433,1,25,31,0,30,1
0,250777,1,25,22,1,20,1
0,248557,1,25,13,0,11,1
0,247563,1,25,29,0,27,1
0,0,2,25,45,0,42,1
0,181220,1,25,41,0,39,1
0,178157,1,25,11,0,10,1
157300,215607,21,24,16,0,15,1
11618,264978,7,24,35,0,32,1
33488,118721,5,24,15,0,13,1
25901,221187,5,24,22,0,20,1
6903,196912,3,24,31,0,28,1
8791,220790,3,24,40,0,38,2
10277,222860,3,24,15,0,14,2
153349,407350,3,24,36,1,32,1
934,265617,2,24,22,0,16,1
2114,319309,2,24,29,0,26,1
7502,318772,2,24,35,1,32,1
5939,279698,2,24,29,0,27,1
2144,259527,2,24,26,0,20,2
1535,102486,2,24,32,0,30,1
2580,228918,2,24,26,0,24,2
1434,270378,1,24,40,0,38,1
11665,310483,1,24,25,1,23,3
0,342036,1,24,28,0,25,1
0,342523,1,24,28,0,25,1
0,343846,2,24,50,0,48,2
943531,284319,60,23,24,0,21,1
33169,226487,10,23,47,0,44,1
59342,173677,10,23,21,0,19,1
43756,58580,10,23,28,0,25,1
45189,226287,8,23,27,0,25,1
25633,184275,5,23,8,0,6,2
12983,269279,4,23,15,0,12,3
5654,178229,3,23,25,0,23,2
5220,174154,3,23,39,0,32,1
14033,190323,3,23,13,0,11,1
13229,433258,3,23,29,0,27,1
8126,435263,3,23,27,0,25,2
688,248352,2,23,37,0,35,1
3254,247264,2,23,89,0,87,1
3568,179681,2,23,28,0,27,1
9717,180237,2,23,28,0,26,1
2182,195466,2,23,26,0,24,2
47312,338016,2,23,27,0,24,2
3093,170521,2,23,24,0,23,4
2114,246308,1,23,29,0,28,1
1218,176608,1,23,21,0,19,1
1458,215279,1,23,61,0,59,1
1090,213537,1,23,29,0,22,1
2114,275115,1,23,24,0,22,1
7391,277893,1,23,29,0,26,1
902,178627,1,23,19,0,16,2
808,191113,1,23,21,0,19,1
2010,193947,1,23,26,0,24,1
1095,195074,1,23,15,0,11,1
2218,169588,1,23,14,0,14,1
2952,434582,1,23,30,0,28,1
4496,159218,1,23,25,0,23,1
0,172613,1,23,33,0,30,1
0,241202,1,23,63,0,60,1
0,174138,1,23,13,0,11,1
0,276329,1,23,45,0,43,1
0,217314,1,23,49,0,47,1
0,219044,1,23,46,0,43,1
0,219869,1,23,32,0,28,1
0,131507,5,23,16,0,14,1
0,171324,1,23,25,0,23,1
0,162448,2,23,34,0,31,2
0,163086,1,23,14,0,10,1
0,162818,1,23,46,0,44,1
0,167081,1,23,14,0,13,1
89906,193984,9,22,9,0,8,2
75582,205811,8,22,38,0,36,1
42850,280006,4,22,40,0,37,1
15416,187029,4,22,16,0,15,2
50885,360736,3,22,86,0,71,2
18568,237208,3,22,23,0,22,1
16432,187786,3,22,19,0,18,1
8458,251337,3,22,26,0,23,2
2374,245915,2,22,20,0,18,1
4346,260171,2,22,46,0,43,1
1746,255064,1,22,33,0,32,1
0,167512,1,22,13,0,11,1
0,273097,1,22,16,0,15,1
0,0,2,22,17,0,15,1
0,305821,2,22,41,0,39,1
0,154335,1,22,30,0,28,1
0,239289,1,22,38,0,35,1
851444,278230,53,21,31,3,25,5
1331570,250729,12,21,40,0,36,1
49938,273752,7,21,11,0,10,2
21635,247305,3,21,29,0,27,3
64165,334889,3,21,61,0,60,1
14492,288096,2,21,32,0,30,1
6893,114298,2,21,44,0,40,1
2030,120036,2,21,49,0,34,1
2114,322515,2,21,30,0,27,2
11024,452192,2,21,26,0,24,1
33195,156214,2,21,38,0,35,2
1588,172215,1,21,55,0,52,1
184,55121,1,21,27,0,25,1
2296,154656,1,21,37,0,33,1
2101,140610,1,21,43,0,39,2
2062,249097,1,21,43,0,40,1
984,249106,1,21,13,0,10,1
1083,183059,1,21,9,0,8,1
0,285136,1,21,20,0,15,1
0,0,2,21,43,0,40,2
0,171567,1,21,58,0,57,1
57766,114812,12,20,32,0,30,1
5861,225809,4,20,36,0,33,1
5214,176784,4,20,22,0,19,2
4194,168227,3,20,47,0,43,2
8158,186732,3,20,17,0,16,2
4717,233065,2,20,45,0,42,1
6757,213936,2,20,42,0,38,1
4660,440267,2,20,10,0,9,2
12309,439932,2,20,64,0,63,1
2729,437393,2,20,6,0,5,1
11058,135603,2,20,46,0,44,1
11271,171031,2,20,75,0,73,1
6583,93467,2,20,36,0,34,1
28175,180653,2,20,39,0,37,1
1088,286895,1,20,43,0,41,1
111404,573813,1,20,32,0,30,1
2652,327311,1,20,32,0,29,1
2071,82119,1,20,30,0,26,1
3848,190011,1,20,26,0,22,1
0,282373,1,20,26,0,24,1
0,283497,1,20,19,0,17,1
0,229652,1,20,24,0,23,1
0,239255,2,20,28,0,26,1
0,435620,1,20,16,0,15,1
0,0,1,20,55,0,53,1
0,213007,1,20,14,0,13,1
0,169235,1,20,59,0,56,1
0,217609,1,20,19,0,17,2
0,169323,1,20,15,0,13,1
0,246836,1,20,60,0,57,1
179588,554485,14,19,12,0,10,1
59157,247029,10,19,26,0,24,1
12217,113660,5,19,51,0,48,1
32770,148413,4,19,22,0,18,1
10423,209135,3,19,20,0,19,2
688,269299,2,19,26,0,25,2
1906,268860,2,19,40,0,38,1
4411,271253,2,19,41,0,38,1
1146,271225,2,19,37,0,34,1
1759,266717,2,19,13,0,12,1
4372,206531,2,19,81,0,77,1
3578,169463,2,19,68,0,66,1
3690,168989,2,19,19,0,17,1
8951,169120,2,19,15,0,13,1
1187,174180,2,19,23,0,21,1
4215,127047,2,19,67,0,65,1
5832,185502,2,19,25,0,23,1
1308,192351,1,19,25,0,20,1
74,169562,1,19,21,0,14,1
1748,234324,1,19,23,0,22,1
59496,425674,1,19,23,0,21,2
2097,226666,1,19,26,0,24,1
1050,169335,1,19,19,0,18,1
1996,133963,1,19,46,0,44,1
1291,184028,1,19,21,0,19,1
1837,173946,1,19,24,0,22,1
0,290087,1,19,11,0,10,1
0,273422,1,19,31,0,27,1
0,183355,1,19,25,0,24,1
0,101878,1,19,16,0,15,1
0,231367,2,19,27,1,24,4
0,26969,1,19,14,0,13,1
0,216728,1,19,22,0,21,1
0,222837,1,19,27,0,26,1
0,211524,1,19,19,0,16,1
0,175855,1,19,35,0,33,2
0,0,1,19,29,1,26,1
0,180251,1,19,21,0,19,1
0,51335,1,19,22,0,20,1
2648298,156020,217,18,21,1,18,2
1467689,12432431,42,18,15,0,13,1
8574,139127,2,18,49,1,44,1
4829,192248,2,18,70,0,68,1
1958,269686,2,18,23,0,22,1
6642,137030,2,18,28,0,21,1
1438,103384,2,18,30,0,28,1
1239,132835,2,18,25,0,23,1
7803,235135,1,18,19,0,16,1
2524,116929,1,18,20,0,16,1
1733,66491,1,18,21,0,20,1
1421,138880,1,18,52,0,49,1
0,238966,1,18,25,0,24,1
0,265402,2,18,42,0,39,3
0,66155,1,18,14,0,13,1
0,139185,1,18,18,0,14,2
0,174256,1,18,32,0,30,1
0,134019,1,18,48,0,45,1
42243,162448,4,17,34,0,31,1
17488,169521,3,17,16,0,14,1
4186,152313,2,17,30,0,28,1
11233,233128,2,17,50,0,45,1
1057,192456,2,17,17,0,15,1
1506,113908,2,17,45,0,42,1
19090,170973,2,17,32,0,30,2
5139,158574,1,17,11,0,9,1
2016,153634,1,17,18,0,14,1
2677,231352,1,17,30,0,28,1
12895,184012,1,17,33,0,32,1
5280,101760,1,17,9,0,8,1
0,159467,1,17,28,0,27,1
18066,220582,5,16,12,0,11,1
18130,163371,3,16,15,0,11,1
614,151436,2,16,23,0,21,2
5674,153624,2,16,20,0,18,1
13913,136273,2,16,30,0,28,1
440800,11140521,2,16,51,0,48,1
1006,1372,2,16,50,0,44,1
765,153621,1,16,42,0,39,1
2638,159480,1,16,30,0,25,1
1109,154289,1,16,20,0,19,1
0,158524,1,16,26,0,25,1
0,165500,1,16,31,0,29,1
0,151079,2,16,19,0,17,2
0,151705,1,16,35,0,33,1
0,151436,1,16,54,0,49,1
144,156952,2,15,76,0,73,2
2341,158135,2,15,52,0,47,2
14491,205956,2,15,16,0,14,1
7471,244697,2,15,24,0,22,2
7572,153393,2,15,27,0,26,1
0,152698,1,15,12,0,10,1
0,151304,1,15,21,0,19,2
5439,165621,2,14,52,0,51,2
2542,329664,1,14,20,0,16,1
0,157805,1,14,28,0,26,1
0,158524,1,14,60,0,57,1
38631,102098,6,13,22,0,20,1
199828,13149832,4,13,48,2,44,1
8165,165890,3,13,44,0,41,1
670,165121,2,13,33,0,29,1
6530,1448,2,13,69,0,65,1
0,166717,1,13,57,0,55,1
0,0,1,13,16,0,14,1
126975,20646,6,12,66,0,57,1
0,184401,1,12,18,0,16,1
2280,90028,2,11,20,0,19,1
52,184863,1,11,27,0,25,1
0,721961,2,11,54,1,49,1
93864,148528,9,10,22,0,20,1
702,89982,1,10,12,0,8,1
0,111428,1,10,30,0,28,1
51562,167988,1,9,48,0,45,1
0,154969,1,9,31,0,30,1
190160,63084,62,7,28,0,22,1
4526,1370,4,6,68,0,65,1
3198,762,2,5,53,0,48,1
33494,32185,9,4,82,0,79,1
9584,89005,3,4,25,0,22,2
3348,0,2,4,48,0,44,1
73357,320985,3,3,34,0,32,1
8657,195483,1,3,61,0,59,1
39112,21157,6,2,10,0,8,1
72984,474668,6,2,29,0,27,1
0,195800,1,2,37,0,35,1
0,0,1,0,22,0,20,1
7090,2456,2,0,27,0,25,1
0,0,1,0,54,0,52,1
0,0,1,0,31,0,28,1
14158,5949,2,0,30,0,29,1
0,60201,1,0,21,0,20,1
3878,1754,2,0,42,0,39,1
1410,103876,1,0,61,0,59,1
0,0,1,0,49,0,47,1
0,0,1,0,28,0,26,1
0,0,1,0,12,0,11,1
7703,1448,2,0,17,0,16,1
2100,125271,1,0,19,0,17,1
7719,115287,1,0,30,0,28,1
0,0,1,0,61,0,57,1
16228,996,4,0,13,0,13,1
0,0,1,0,9,0,7,1
12026,762,4,0,14,0,13,1
557856,2309623,1,0,62,27,31,1
100110,289760,1,0,36,0,33,2
480,0,1,0,46,0,44,1
6891,318474,1,0,28,0,25,1
918,0,1,0,42,0,40,1
2451,111575,2,0,87,0,74,2
17569,548398,1,0,34,0,32,1
0,0,1,0,54,1,50,2
0,49064,1,0,26,0,24,1
